symbol,drift_1h_bps,spread_bps,drift_over_spread,turnover_pct,n_trades
SRMUSDT,63.43,1.0969723562965006,57.82,0.5,44
AXSUSDT,35.67,0.9237875367512978,38.62,1.68,154
SANDUSDT,30.28,0.5348185404568614,56.61,2.35,211
MANAUSDT,28.93,1.1362345188045562,25.46,1.05,95
XLMUSDT,28.76,0.3914200720205983,73.49,2.11,165
DOGEUSDT,25.74,0.45795933321103327,56.2,2.79,250
XTZUSDT,21.01,4.0322606869536965,5.21,1.65,109
SNXUSDT,19.82,1.9383602201440042,10.23,1.48,130
SUSHIUSDT,18.85,0.7778469197257668,24.24,1.66,148
ETHUSDT,14.72,0.05187797724575373,283.8,3.37,275
ALGOUSDT,13.38,2.0903010033442513,6.4,1.81,155
DOTUSDT,12.51,0.8514986622968697,14.69,2.11,188
ADAUSDT,11.08,0.8776549060908284,12.63,3.34,284
1000SHIBUSDT,10.57,0.45483489493280516,23.24,2.49,225
RAYUSDT,10.3,1.9138790331743414,5.38,0.02,2
THETAUSDT,6.95,0.6819421713037984,10.19,1.6,127
UNIUSDT,6.75,0.7049203440007372,9.58,2.98,267
ICPUSDT,6.42,1.0258514567085002,6.26,1.78,162
MATICUSDT,5.17,0.56908718415655,9.09,1.78,162
AVAXUSDT,4.89,0.2863893722129531,17.08,2.46,228
BTCUSDT,4.3,0.03894043159270605,110.47,4.17,321
LINKUSDT,3.75,0.4053341987120116,9.26,3.22,268
TRXUSDT,2.72,0.586200834419325,4.64,2.73,231
EOSUSDT,2.22,4.2052144659373,0.53,2.66,200
YFIUSDT,1.38,0.6957005704744678,1.98,0.78,68
LTCUSDT,-0.13,0.6187736120650701,-0.2,3.49,284
VETUSDT,-0.95,0.5745479705464775,-1.65,1.29,93
GALAUSDT,-1.1,1.8702076584559966,-0.59,2.62,233
ETCUSDT,-1.4,0.2738525577822515,-5.11,3.48,261
BNBUSDT,-2.93,0.15786565668040592,-18.57,3.41,295
OPUSDT,-3.53,0.4427134447188478,-7.98,2.28,207
ATOMUSDT,-4.73,0.6639665360862133,-7.12,3.27,267
NEARUSDT,-5.98,1.4074595634188483,-4.25,2.42,222
FILUSDT,-6.01,0.9632055480634231,-6.24,3.04,271
APTUSDT,-7.49,0.4325273789271061,-17.32,2.02,181
BCHUSDT,-7.72,0.18320555867065708,-42.16,3.98,303
SOLUSDT,-9.65,0.2533569799845682,-38.1,3.28,299
COMPUSDT,-10.23,0.9351037965212279,-10.94,0.91,73
AAVEUSDT,-11.83,0.39732994278412687,-29.79,3.0,273
XRPUSDT,-22.94,0.8523695874530257,-26.91,3.03,249
ARBUSDT,-24.56,0.8155276463871227,-30.12,1.9,171
CRVUSDT,-24.8,6.591960675934526,-3.76,3.34,304
LUNAUSDT,-60.92,0.18725990604859355,-325.34,0.68,62
FTTUSDT,-1696.1,0.18758910482435456,-9041.59,0.01,1
