aum,horizon_h,drift_bps,impact_bps,total_is_bps
$0.1M,1,0.0,4.63,10.13
$1M,1,0.0,14.64,20.14
$10M,1,0.0,46.3,51.8
$50M,1,0.0,103.53,109.03
$200M,1,0.0,207.06,212.56
$0.1M,2,1.16,3.27,9.93
$1M,2,1.16,10.35,17.01
$10M,2,1.16,32.74,39.4
$50M,2,1.16,73.21,79.86
$200M,2,1.16,146.42,153.07
$0.1M,4,1.68,2.32,9.5
$1M,4,1.68,7.32,14.5
$10M,4,1.68,23.15,30.33
$50M,4,1.68,51.77,58.95
$200M,4,1.68,103.53,110.72
$0.1M,8,1.92,1.64,9.06
$1M,8,1.92,5.18,12.6
$10M,8,1.92,16.37,23.79
$50M,8,1.92,36.6,44.03
$200M,8,1.92,73.21,80.63
$0.1M,24,0.71,0.95,7.15
$1M,24,0.71,2.99,9.2
$10M,24,0.71,9.45,15.66
$50M,24,0.71,21.13,27.34
$200M,24,0.71,42.27,48.48
